<?xml version='1.0' encoding='UTF-8'?>  
<!DOCTYPE hibernate-configuration PUBLIC  
          "-//Hibernate/Hibernate Configuration DTD 3.0//EN"  
          "http://hibernate.sourceforge.net/hibernate-configuration-3.0.dtd">  
  
<hibernate-configuration>  
  
    <session-factory>  
        <property name="hbm2ddl.auto">update</property>  
        <property name="dialect">org.hibernate.dialect.MySQLDialect</property>  
        <property name="connection.url">jdbc:mysql://localhost:3306/niket</property>  
        <property name="connection.username">root</property>  
        <property name="connection.password">great123</property>  
        <property name="show_sql">true</property>  
         <property name="cache.provider_class">org.hibernate.cache.internal.EhCacheProvider</property>
        <property name="hibernate.cache.region.factory_class">org.hibernate.cache.ehcache.EhCacheRegionFactory</property>  
         <property name="hibernate.cache.use_second_level_cache">true</property>  
        <property name="connection.driver_class">com.mysql.jdbc.Driver</property>  
    <mapping class="com.nik.Person"/>  

    </session-factory>  
  
</hibernate-configuration>  