<?xml version='1.0' encoding='UTF-8'?>  
<!DOCTYPE hibernate-mapping PUBLIC  
 "-//Hibernate/Hibernate Mapping DTD 3.0//EN"  
 "http://hibernate.sourceforge.net/hibernate-mapping-3.0.dtd">  
  
 <hibernate-mapping>  
  <class name="com.nik.Person" table="person1">  
    <id name="id">  
     <generator class="native"></generator>  
    </id>  
            
    <property name="fname"></property>  
    <property name="lname"></property>  
    <property name="age"></property>  
  
            
  </class>  
            
 </hibernate-mapping>  