<?xml version='1.0' encoding='UTF-8'?>  
<!DOCTYPE hibernate-mapping PUBLIC  
 "-//Hibernate/Hibernate Mapping DTD 3.0//EN"  
 "http://hibernate.sourceforge.net/hibernate-mapping-3.0.dtd">

<hibernate-mapping>
<class name="Batch" table="Batch">
		<id name="batchid" column="BATCH_ID" >
			
		</id>
	<property name="duration"></property>
		<property name="fees"></property>
       <set name="students" table="Student" inverse="true" cascade="all">
			<key column="BATCH_ID" />
			<one-to-many class="Student" />      
		
		 </set>
	</class>
	<class name="Student" table="Student">
		<id name="studentid" column="STUD_ID">
			
		</id>
		<property name="fname"></property>
		<property name="lname"></property>
		<property name="age"></property>
		<many-to-one name="batches" class="Batch">
					<column name="BATCH_ID" ></column>
		
			
		</many-to-one>
	</class>
	


</hibernate-mapping>  