<?xml version='1.0' encoding='UTF-8'?>  
<!DOCTYPE hibernate-mapping PUBLIC  
 "-//Hibernate/Hibernate Mapping DTD 3.0//EN"  
 "http://hibernate.sourceforge.net/hibernate-mapping-3.0.dtd">  
  
 <hibernate-mapping>  
  <class name="com.Student" table="student" lazy="false">  
    <id name="roll">  
     <generator class="assigned"></generator>  
    </id>  
            
    <property name="fname"></property>  
    <property name="lname"></property>  
    <property name="age"></property>  
  
            
  </class>  
  <sql-query name="q1">
  select * from STUDENT
  </sql-query>
            
 </hibernate-mapping>  