<?xml version='1.0' encoding='UTF-8'?>  
<!DOCTYPE hibernate-mapping PUBLIC  
 "-//Hibernate/Hibernate Mapping DTD 3.0//EN"  
 "http://hibernate.sourceforge.net/hibernate-mapping-3.0.dtd">  
  
 <hibernate-mapping>  
  <class name="com.nik.Person" table="p1table" >  
    <id name="id">  
     <generator class="native"></generator>  
    </id>  
            
    <property name="fname"></property>  
    <property name="lname"></property>  
    
   <component name="address" class="com.nik.Address">
   <property name="streetName"></property>  
    <property name="city"></property> 
    <property name="state"></property> 
   </component>
  
            
  </class>  
  
            
 </hibernate-mapping>  